{
  "n_users": 2000,
  "n_held_movie_unseen_by_others": 528,
  "global_movies_mean": 4.062174923649402,
  "rmse": {
    "V0_global_movies": 1.26516521748911,
    "V1_user_books": 1.1923642069208067,
    "V1_user_movies": 1.1374220256482057,
    "V0_item_mean_only": 1.3058910234930305,
    "V2_books_plus_item_best": 1.1663367914155496,
    "V2_movies_plus_item_best": 1.1227464869373773
  },
  "best_beta_user_weight": {
    "books_plus_item": 0.7,
    "movies_plus_item": 0.8
  },
  "mae": {
    "V0_global_movies": 1.0048912538175325,
    "V1_user_books": 0.8490013359245574,
    "V1_user_movies": 0.8213912137314416
  },
  "sweep_v2_books": {
    "0.0": 1.3058910234930305,
    "0.05": 1.2876485583073904,
    "0.1": 1.27051713557897,
    "0.15": 1.2545422717093764,
    "0.2": 1.2397686755314123,
    "0.25": 1.2262397660202293,
    "0.3": 1.2139971566387755,
    "0.35": 1.203080116410361,
    "0.4": 1.19352502038883,
    "0.45": 1.1853648044815532,
    "0.5": 1.17862844133776,
    "0.55": 1.173340455014746,
    "0.6": 1.1695204921827558,
    "0.65": 1.1671829665968543,
    "0.7": 1.1663367914155496,
    "0.75": 1.1669852107556686,
    "0.8": 1.1691257378283324,
    "0.85": 1.1727502023875647,
    "0.9": 1.1778449053949165,
    "0.95": 1.1843908741402462,
    "1.0": 1.1923642069208067
  },
  "sweep_v2_movies": {
    "0.0": 1.3058910234930305,
    "0.05": 1.2847112713695836,
    "0.1": 1.264604251994117,
    "0.15": 1.2456219150979668,
    "0.2": 1.2278164253731993,
    "0.25": 1.2112396836684658,
    "0.3": 1.1959427854222453,
    "0.35": 1.1819754221416459,
    "0.4": 1.169385235464984,
    "0.45": 1.1582171372990642,
    "0.5": 1.148512613416219,
    "0.55": 1.1403090313823887,
    "0.6": 1.1336389763771773,
    "0.65": 1.128529639975806,
    "0.7": 1.1250022869663503,
    "0.75": 1.123071823566188,
    "0.8": 1.1227464869373773,
    "0.85": 1.124027670836143,
    "0.9": 1.126909895916085,
    "0.95": 1.1313809261495658,
    "1.0": 1.1374220256482057
  }
}